2025-07-23 15:22:38.256252, sugamya, login
2025-07-23 15:22:44.905575, sugamya, login
2025-07-23 15:23:08.987463, sugamya, login
2025-07-23 15:23:35.346068, sugamya, login
2025-07-23 15:23:37.764687, sugamya, login
2025-07-23 15:23:37.989256, sugamya, login
2025-07-23 15:23:39.281789, sugamya, login
2025-07-23 15:23:40.009041, sugamya, login
2025-07-23 15:23:40.248340, sugamya, login
2025-07-24 11:38:14.159787, sugamya, login
2025-07-24 11:38:16.376225, sugamya, login
2025-07-24 14:44:08.774332, sugamya, login
2025-07-24 14:44:10.492860, sugamya, login
2025-07-24 14:44:11.087540, sugamya, login
2025-07-24 14:44:11.306360, sugamya, login
2025-07-24 14:44:54.574156, sugamya_s, login
2025-07-24 14:44:55.590168, sugamya_s, login
2025-07-24 14:44:56.455405, sugamya_s, login
2025-07-24 14:44:56.705296, sugamya_s, login
2025-07-24 14:44:57.084085, sugamya_s, login
2025-07-24 14:44:57.295637, sugamya_s, login
2025-07-24 14:54:12.830982, sugamya, login
2025-07-24 14:54:13.722539, sugamya, login
2025-07-24 14:54:13.955543, sugamya, login
